age,hours,ID
71.0,0,0
62.0,0,1
21.0,40,2
60.0,0,3
58.0,70,4
50.0,40,5
55.0,70,6
40.0,40,7
75.0,0,8
43.0,70,9
37.0,20,10
66.0,0,11
58.0,20,12
51.0,70,13
52.0,40,14
64.0,0,15
65.0,0,16
53.0,40,17
54.0,40,18
27.0,70,19
42.0,50,20
68.0,0,21
68.0,0,22
51.0,60,23
76.0,0,24
73.0,20,25
40.0,0,26
37.0,12,27
69.0,20,28
41.0,60,29
61.0,40,30
25.0,40,31
79.0,0,32
57.0,0,33
53.0,70,34
35.0,40,35
63.0,0,36
64.0,70,37
38.0,40,38
65.0,0,39
32.0,0,40
70.0,0,41
40.0,50,42
22.0,70,43
58.0,30,44
53.0,50,45
52.0,40,46
78.0,0,47
64.0,50,48
50.0,30,49
50.0,70,50
28.0,40,51
68.0,50,52
31.0,40,53
35.0,30,54
36.0,40,55
40.0,60,56
52.0,0,57
51.0,0,58
53.0,40,59
25.0,40,60
40.0,30,61
67.0,70,62
39.0,40,63
80.0,20,64
78.0,0,65
72.0,60,66
62.0,40,67
35.0,40,68
47.0,48,69
42.0,65,70
69.0,0,71
49.0,48,72
74.0,50,73
72.0,0,74
42.0,40,75
60.0,40,76
50.0,40,77
70.0,60,78
60.0,0,79
57.0,40,80
41.0,40,81
50.0,0,82
56.0,40,83
28.0,40,84
50.0,40,85
62.0,40,86
31.0,40,87
26.0,40,88
53.0,24,89
90.0,0,90
56.0,0,91
48.0,40,92
49.0,0,93
56.0,40,94
58.0,35,95
66.0,50,96
72.0,0,97
48.0,80,98
58.0,40,99
50.0,70,100
62.0,0,101
23.0,0,102
43.0,70,103
50.0,40,104
33.0,60,105
61.0,60,106
35.0,40,107
37.0,40,108
68.0,0,109
57.0,40,110
64.0,0,111
68.0,0,112
53.0,50,113
68.0,40,114
36.0,0,115
68.0,0,116
34.0,40,117
71.0,0,118
88.0,0,119
50.0,40,120
84.0,0,121
83.0,0,122
42.0,48,123
58.0,40,124
42.0,60,125
26.0,40,126
72.0,0,127
52.0,60,128
19.0,40,129
41.0,40,130
48.0,60,131
21.0,40,132
26.0,40,133
58.0,0,134
30.0,40,135
32.0,40,136
45.0,56,137
39.0,60,138
42.0,56,139
74.0,70,140
66.0,40,141
80.0,40,142
48.0,50,143
34.0,0,144
52.0,45,145
62.0,50,146
60.0,40,147
80.0,0,148
71.0,40,149
50.0,50,150
37.0,40,151
66.0,40,152
60.0,40,153
73.0,0,154
56.0,40,155
54.0,40,156
52.0,40,157
55.0,40,158
73.0,0,159
64.0,0,160
46.0,40,161
53.0,0,162
66.0,0,163
58.0,0,164
83.0,0,165
58.0,50,166
53.0,50,167
69.0,30,168
24.0,0,169
54.0,70,170
76.0,50,171
56.0,20,172
43.0,40,173
45.0,40,174
22.0,70,175
71.0,70,176
25.0,70,177
72.0,70,178
32.0,60,179
30.0,0,180
60.0,70,181
21.0,70,182
49.0,40,183
29.0,50,184
18.0,40,185
32.0,0,186
26.0,42,187
52.0,40,188
85.0,0,189
55.0,0,190
52.0,40,191
60.0,0,192
46.0,70,193
68.0,0,194
44.0,70,195
70.0,0,196
51.0,70,197
60.0,40,198
49.0,60,199
33.0,40,200
59.0,40,201
35.0,40,202
55.0,70,203
51.0,40,204
64.0,0,205
67.0,0,206
38.0,70,207
75.0,0,208
60.0,70,209
64.0,0,210
80.0,70,211
65.0,20,212
39.0,0,213
50.0,70,214
68.0,0,215
70.0,0,216
70.0,0,217
76.0,0,218
50.0,60,219
77.0,0,220
70.0,0,221
40.0,40,222
50.0,40,223
32.0,20,224
23.0,0,225
66.0,0,226
61.0,0,227
67.0,0,228
63.0,0,229
32.0,40,230
44.0,40,231
37.0,20,232
40.0,60,233
69.0,0,234
41.0,70,235
69.0,0,236
77.0,0,237
17.0,0,238
71.0,0,239
31.0,70,240
64.0,0,241
78.0,0,242
64.0,40,243
42.0,40,244
80.0,70,245
63.0,70,246
65.0,0,247
70.0,0,248
62.0,0,249
60.0,0,250
50.0,40,251
39.0,40,252
67.0,40,253
76.0,0,254
76.0,0,255
52.0,70,256
82.0,0,257
48.0,70,258
67.0,0,259
53.0,0,260
40.0,40,261
47.0,40,262
75.0,0,263
61.0,40,264
60.0,70,265
49.0,70,266
54.0,70,267
85.0,70,268
49.0,70,269
77.0,70,270
68.0,0,271
50.0,30,272
62.0,60,273
77.0,0,274
54.0,40,275
37.0,50,276
40.0,70,277
60.0,70,278
40.0,0,279
77.0,0,280
76.0,0,281
60.0,50,282
19.0,70,283
58.0,40,284
82.0,70,285
53.0,60,286
65.0,50,287
65.0,40,288
72.0,0,289
53.0,30,290
44.0,40,291
65.0,40,292
74.0,60,293
60.0,50,294
64.0,0,295
47.0,30,296
60.0,50,297
49.0,25,298
70.0,0,299
31.0,40,300
55.0,30,301
50.0,60,302
35.0,70,303
54.0,70,304
61.0,70,305
34.0,70,306
36.0,40,307
42.0,50,308
56.0,50,309
64.0,70,310
40.0,30,311
72.0,0,312
68.0,0,313
77.0,0,314
61.0,40,315
68.0,30,316
79.0,0,317
78.0,70,318
72.0,0,319
59.0,0,320
76.0,0,321
55.0,50,322
36.0,50,323
25.0,40,324
44.0,0,325
48.0,40,326
76.0,0,327
59.0,0,328
67.0,0,329
81.0,70,330
39.0,0,331
35.0,70,332
70.0,0,333
65.0,40,334
44.0,0,335
74.0,0,336
76.0,0,337
54.0,40,338
55.0,0,339
79.0,0,340
75.0,0,341
63.0,0,342
46.0,70,343
63.0,50,344
54.0,70,345
82.0,0,346
54.0,10,347
54.0,70,348
40.0,38,349
75.0,0,350
75.0,70,351
33.0,70,352
30.0,40,353
25.0,0,354
64.0,70,355
59.0,40,356
62.0,63,357
78.0,0,358
72.0,0,359
78.0,70,360
45.0,40,361
71.0,0,362
100.0,0,363
72.0,0,364
59.0,40,365
25.0,0,366
78.0,70,367
67.0,70,368
35.0,80,369
66.0,70,370
60.0,70,371
60.0,0,372
58.0,40,373
60.0,70,374
60.0,0,375
22.0,0,376
61.0,70,377
42.0,40,378
64.0,0,379
60.0,60,380
58.0,60,381
67.0,70,382
43.0,70,383
78.0,0,384
59.0,30,385
38.0,0,386
68.0,70,387
76.0,0,388
31.0,40,389
53.0,40,390
63.0,40,391
82.0,0,392
59.0,0,393
50.0,0,394
59.0,0,395
56.0,70,396
76.0,0,397
46.0,40,398
48.0,40,399
33.0,20,400
50.0,0,401
80.0,70,402
83.0,0,403
58.0,50,404
62.0,0,405
50.0,40,406
34.0,40,407
64.0,40,408
58.0,40,409
57.0,40,410
50.0,70,411
66.0,0,412
75.0,0,413
80.0,0,414
54.0,70,415
34.0,40,416
61.0,0,417
33.0,40,418
68.0,0,419
52.0,70,420
64.0,0,421
35.0,40,422
40.0,48,423
38.0,48,424
64.0,30,425
53.0,60,426
60.0,70,427
65.0,70,428
69.0,0,429
52.0,0,430
70.0,50,431
60.0,60,432
32.0,40,433
87.0,0,434
78.0,0,435
85.0,0,436
49.0,70,437
60.0,70,438
64.0,0,439
72.0,0,440
80.0,0,441
80.0,70,442
70.0,0,443
55.0,70,444
67.0,0,445
68.0,0,446
58.0,15,447
52.0,40,448
52.0,70,449
38.0,40,450
60.0,50,451
89.0,0,452
59.0,0,453
84.0,0,454
50.0,0,455
53.0,70,456
84.0,0,457
42.0,40,458
60.0,0,459
59.0,60,460
20.0,40,461
52.0,50,462
80.0,0,463
58.0,0,464
65.0,0,465
83.0,0,466
58.0,40,467
75.0,50,468
87.0,0,469
56.0,40,470
61.0,60,471
46.0,60,472
68.0,50,473
56.0,0,474
74.0,0,475
50.0,48,476
70.0,0,477
28.0,40,478
35.0,40,479
28.0,40,480
69.0,0,481
78.0,50,482
60.0,30,483
54.0,0,484
65.0,50,485
34.0,50,486
43.0,0,487
52.0,50,488
35.0,40,489
46.0,50,490
34.0,30,491
64.0,0,492
24.0,50,493
66.0,40,494
32.0,40,495
69.0,50,496
70.0,50,497
49.0,0,498
56.0,40,499
78.0,0,500
66.0,0,501
65.0,0,502
57.0,40,503
54.0,50,504
55.0,50,505
60.0,50,506
38.0,50,507
70.0,50,508
68.0,0,509
32.0,40,510
72.0,0,511
26.0,50,512
74.0,50,513
78.0,0,514
63.0,0,515
67.0,0,516
47.0,40,517
71.0,0,518
53.0,0,519
56.0,50,520
51.0,0,521
68.0,0,522
58.0,50,523
51.0,0,524
66.0,0,525
55.0,50,526
42.0,50,527
58.0,50,528
54.0,0,529
62.0,60,530
45.0,60,531
72.0,0,532
55.0,50,533
69.0,0,534
49.0,60,535
74.0,40,536
59.0,0,537
76.0,60,538
60.0,70,539
44.0,40,540
58.0,40,541
51.0,40,542
70.0,0,543
52.0,60,544
63.0,60,545
67.0,20,546
52.0,40,547
85.0,0,548
65.0,40,549
48.0,60,550
84.0,0,551
73.0,0,552
66.0,0,553
46.0,60,554
75.0,0,555
33.0,60,556
60.0,50,557
76.0,0,558
65.0,0,559
76.0,0,560
82.0,0,561
73.0,50,562
55.0,60,563
66.0,0,564
51.0,40,565
48.0,50,566
69.0,0,567
47.0,0,568
76.0,0,569
65.0,0,570
34.0,40,571
67.0,60,572
30.0,60,573
35.0,50,574
24.0,40,575
54.0,60,576
26.0,70,577
50.0,40,578
55.0,40,579
79.0,0,580
68.0,72,581
53.0,60,582
46.0,50,583
60.0,0,584
64.0,0,585
63.0,72,586
42.0,40,587
29.0,60,588
76.0,60,589
45.0,0,590
59.0,40,591
76.0,60,592
37.0,40,593
88.0,0,594
68.0,60,595
58.0,48,596
40.0,40,597
20.0,48,598
36.0,40,599
33.0,40,600
52.0,48,601
37.0,60,602
45.0,60,603
70.0,0,604
47.0,0,605
85.0,72,606
85.0,0,607
45.0,60,608
50.0,50,609
26.0,40,610
88.0,0,611
56.0,50,612
81.0,40,613
80.0,40,614
30.0,40,615
51.0,50,616
38.0,40,617
77.0,0,618
33.0,40,619
70.0,0,620
40.0,48,621
65.0,0,622
38.0,50,623
62.0,48,624
55.0,50,625
65.0,45,626
78.0,0,627
64.0,40,628
48.0,40,629
44.0,50,630
18.0,40,631
62.0,60,632
66.0,0,633
46.0,40,634
58.0,60,635
50.0,40,636
65.0,0,637
68.0,0,638
68.0,0,639
50.0,30,640
47.0,40,641
60.0,50,642
45.0,40,643
62.0,0,644
60.0,40,645
60.0,40,646
38.0,40,647
68.0,0,648
50.0,40,649
60.0,50,650
65.0,50,651
50.0,50,652
25.0,40,653
58.0,40,654
70.0,50,655
53.0,40,656
60.0,40,657
50.0,40,658
60.0,40,659
45.0,40,660
40.0,0,661
45.0,40,662
60.0,50,663
42.0,40,664
48.0,40,665
42.0,40,666
70.0,0,667
78.0,0,668
38.0,50,669
58.0,42,670
36.0,40,671
55.0,40,672
46.0,50,673
21.0,80,674
68.0,0,675
35.0,82,676
55.0,85,677
50.0,64,678
50.0,82,679
52.0,45,680
73.0,0,681
50.0,40,682
65.0,84,683
71.0,80,684
35.0,40,685
80.0,0,686
68.0,40,687
23.0,48,688
46.0,48,689
35.0,0,690
62.0,60,691
75.0,0,692
58.0,70,693
64.0,60,694
55.0,40,695
65.0,48,696
40.0,40,697
64.0,60,698
30.0,50,699
55.0,48,700
82.0,0,701
45.0,60,702
65.0,60,703
40.0,50,704
65.0,50,705
40.0,50,706
46.0,30,707
70.0,45,708
52.0,50,709
53.0,36,710
48.0,40,711
25.0,40,712
65.0,50,713
39.0,30,714
53.0,50,715
64.0,84,716
64.0,50,717
58.0,0,718
52.0,60,719
58.0,40,720
56.0,60,721
71.0,40,722
40.0,40,723
34.0,60,724
40.0,40,725
35.0,60,726
65.0,30,727
70.0,50,728
55.0,0,729
74.0,0,730
22.0,60,731
53.0,40,732
40.0,40,733
45.0,60,734
43.0,25,735
36.0,40,736
46.0,50,737
40.0,60,738
55.0,40,739
81.0,0,740
35.0,40,741
71.0,0,742
73.0,0,743
70.0,0,744
78.0,0,745
71.0,0,746
48.0,0,747
70.0,0,748
57.0,40,749
52.0,40,750
70.0,0,751
82.0,0,752
43.0,50,753
54.0,50,754
39.0,50,755
45.0,48,756
35.0,50,757
45.0,60,758
43.0,42,759
59.0,0,760
59.0,0,761
46.0,24,762
48.0,60,763
57.0,60,764
57.0,50,765
27.0,60,766
55.0,0,767
24.0,40,768
57.0,0,769
57.0,0,770
53.0,40,771
46.0,40,772
44.0,48,773
21.0,40,774
55.0,0,775
29.0,50,776
39.0,40,777
20.0,0,778
21.0,0,779
60.0,60,780
30.0,48,781
39.0,60,782
70.0,0,783
18.0,0,784
45.0,40,785
64.0,40,786
70.0,0,787
77.0,70,788
29.0,70,789
64.0,0,790
24.0,60,791
56.0,70,792
65.0,40,793
60.0,70,794
30.0,40,795
46.0,20,796
40.0,40,797
52.0,40,798
33.0,40,799
68.0,70,800
58.0,70,801
70.0,40,802
38.0,70,803
57.0,40,804
53.0,70,805
52.0,40,806
55.0,40,807
27.0,70,808
25.0,40,809
49.0,0,810
56.0,40,811
43.0,20,812
60.0,70,813
39.0,70,814
23.0,70,815
50.0,40,816
33.0,70,817
40.0,40,818
45.0,40,819
90.0,0,820
43.0,40,821
61.0,70,822
65.0,0,823
25.0,70,824
58.0,0,825
41.0,50,826
26.0,40,827
73.0,0,828
25.0,70,829
54.0,0,830
45.0,40,831
41.0,20,832
55.0,0,833
55.0,40,834
39.0,70,835
92.0,0,836
64.0,70,837
71.0,70,838
49.0,70,839
60.0,70,840
38.0,70,841
80.0,0,842
64.0,0,843
50.0,0,844
41.0,50,845
27.0,70,846
65.0,0,847
82.0,0,848
65.0,60,849
32.0,70,850
35.0,40,851
19.0,70,852
59.0,70,853
40.0,48,854
67.0,70,855
67.0,0,856
62.0,70,857
65.0,0,858
70.0,70,859
68.0,0,860
79.0,30,861
64.0,70,862
32.0,70,863
27.0,70,864
85.0,70,865
61.0,70,866
51.0,40,867
41.0,40,868
51.0,40,869
76.0,0,870
57.0,30,871
23.0,38,872
62.0,70,873
39.0,35,874
68.0,0,875
72.0,0,876
71.0,20,877
40.0,30,878
50.0,0,879
63.0,40,880
54.0,50,881
39.0,70,882
17.0,0,883
58.0,70,884
60.0,0,885
71.0,0,886
35.0,40,887
39.0,40,888
68.0,40,889
66.0,0,890
30.0,40,891
65.0,0,892
45.0,70,893
57.0,70,894
24.0,40,895
42.0,60,896
51.0,40,897
27.0,0,898
35.0,50,899
55.0,40,900
70.0,0,901
35.0,70,902
59.0,70,903
57.0,50,904
30.0,70,905
68.0,0,906
33.0,70,907
33.0,70,908
56.0,70,909
38.0,70,910
27.0,70,911
53.0,70,912
34.0,70,913
35.0,70,914
74.0,70,915
65.0,0,916
34.0,40,917
61.0,70,918
50.0,40,919
34.0,70,920
23.0,40,921
77.0,70,922
47.0,60,923
80.0,0,924
63.0,70,925
46.0,40,926
65.0,70,927
55.0,0,928
63.0,40,929
53.0,40,930
19.0,70,931
38.0,70,932
78.0,70,933
41.0,40,934
61.0,70,935
38.0,40,936
65.0,0,937
33.0,70,938
70.0,40,939
73.0,0,940
47.0,60,941
77.0,0,942
52.0,70,943
41.0,70,944
39.0,40,945
43.0,40,946
63.0,0,947
80.0,0,948
64.0,0,949
45.0,40,950
25.0,0,951
39.0,70,952
50.0,40,953
66.0,70,954
49.0,60,955
69.0,40,956
41.0,40,957
50.0,0,958
67.0,70,959
56.0,0,960
66.0,12,961
52.0,25,962
47.0,60,963
85.0,70,964
49.0,70,965
64.0,60,966
56.0,48,967
37.0,40,968
53.0,60,969
66.0,0,970
49.0,70,971
51.0,70,972
62.0,70,973
78.0,0,974
42.0,70,975
49.0,70,976
58.0,40,977
51.0,50,978
69.0,50,979
67.0,50,980
60.0,50,981
78.0,0,982
48.0,40,983
22.0,40,984
49.0,0,985
27.0,0,986
69.0,50,987
59.0,50,988
66.0,50,989
56.0,50,990
40.0,50,991
65.0,0,992
31.0,50,993
36.0,50,994
79.0,0,995
48.0,60,996
40.0,50,997
68.0,50,998
49.0,50,999
54.0,50,1000
56.0,50,1001
48.0,40,1002
63.0,40,1003
45.0,40,1004
69.0,30,1005
58.0,40,1006
52.0,40,1007
52.0,55,1008
57.0,40,1009
48.0,40,1010
78.0,0,1011
47.0,40,1012
64.0,50,1013
67.0,0,1014
78.0,45,1015
44.0,40,1016
66.0,0,1017
47.0,25,1018
70.0,70,1019
62.0,60,1020
46.0,40,1021
44.0,40,1022
48.0,40,1023
25.0,40,1024
77.0,0,1025
58.0,50,1026
66.0,70,1027
60.0,40,1028
62.0,0,1029
54.0,60,1030
52.0,40,1031
45.0,40,1032
63.0,60,1033
61.0,0,1034
35.0,60,1035
56.0,40,1036
70.0,0,1037
26.0,60,1038
55.0,72,1039
62.0,0,1040
39.0,50,1041
38.0,48,1042
80.0,0,1043
64.0,60,1044
76.0,0,1045
63.0,0,1046
73.0,60,1047
35.0,30,1048
75.0,0,1049
75.0,0,1050
81.0,0,1051
66.0,0,1052
48.0,30,1053
57.0,30,1054
32.0,40,1055
43.0,40,1056
47.0,72,1057
66.0,0,1058
39.0,44,1059
22.0,60,1060
69.0,40,1061
66.0,60,1062
38.0,60,1063
76.0,40,1064
42.0,40,1065
34.0,40,1066
65.0,0,1067
52.0,60,1068
72.0,60,1069
28.0,44,1070
50.0,0,1071
30.0,40,1072
50.0,40,1073
32.0,40,1074
64.0,30,1075
58.0,60,1076
33.0,60,1077
38.0,72,1078
65.0,0,1079
37.0,60,1080
60.0,40,1081
58.0,48,1082
45.0,40,1083
37.0,40,1084
60.0,40,1085
62.0,0,1086
48.0,42,1087
33.0,40,1088
38.0,40,1089
40.0,40,1090
24.0,40,1091
40.0,40,1092
45.0,40,1093
60.0,50,1094
63.0,40,1095
40.0,42,1096
72.0,60,1097
35.0,40,1098
64.0,40,1099
78.0,0,1100
52.0,40,1101
70.0,0,1102
50.0,40,1103
60.0,40,1104
35.0,40,1105
42.0,40,1106
30.0,40,1107
36.0,40,1108
35.0,40,1109
55.0,40,1110
60.0,40,1111
40.0,40,1112
72.0,60,1113
40.0,60,1114
59.0,40,1115
51.0,40,1116
63.0,60,1117
59.0,40,1118
75.0,40,1119
48.0,40,1120
67.0,40,1121
75.0,40,1122
73.0,0,1123
45.0,40,1124
71.0,0,1125
39.0,40,1126
28.0,40,1127
50.0,40,1128
52.0,40,1129
33.0,40,1130
45.0,24,1131
40.0,40,1132
40.0,60,1133
48.0,70,1134
24.0,70,1135
44.0,72,1136
66.0,70,1137
23.0,72,1138
84.0,0,1139
65.0,50,1140
60.0,77,1141
32.0,50,1142
76.0,0,1143
35.0,72,1144
69.0,21,1145
44.0,30,1146
47.0,40,1147
49.0,80,1148
80.0,40,1149
29.0,40,1150
38.0,42,1151
85.0,0,1152
30.0,40,1153
43.0,30,1154
50.0,65,1155
53.0,70,1156
71.0,0,1157
62.0,70,1158
36.0,30,1159
37.0,40,1160
67.0,60,1161
32.0,60,1162
38.0,30,1163
64.0,72,1164
82.0,40,1165
65.0,55,1166
35.0,40,1167
66.0,50,1168
75.0,0,1169
75.0,0,1170
43.0,50,1171
50.0,40,1172
60.0,0,1173
64.0,0,1174
37.0,40,1175
60.0,40,1176
35.0,0,1177
35.0,40,1178
31.0,40,1179
46.0,30,1180
62.0,50,1181
41.0,30,1182
44.0,48,1183
72.0,0,1184
78.0,0,1185
70.0,48,1186
20.0,40,1187
84.0,0,1188
55.0,40,1189
45.0,48,1190
72.0,0,1191
35.0,40,1192
67.0,40,1193
83.0,40,1194
65.0,48,1195
35.0,40,1196
62.0,0,1197
63.0,40,1198
66.0,50,1199
24.0,50,1200
60.0,45,1201
49.0,50,1202
32.0,50,1203
42.0,50,1204
61.0,50,1205
51.0,50,1206
57.0,50,1207
35.0,40,1208
30.0,50,1209
68.0,0,1210
53.0,40,1211
49.0,45,1212
39.0,50,1213
34.0,40,1214
75.0,50,1215
62.0,50,1216
65.0,60,1217
34.0,40,1218
39.0,50,1219
25.0,50,1220
63.0,0,1221
54.0,50,1222
74.0,0,1223
51.0,0,1224
48.0,40,1225
33.0,40,1226
68.0,0,1227
44.0,50,1228
31.0,50,1229
64.0,0,1230
55.0,50,1231
46.0,40,1232
58.0,50,1233
45.0,50,1234
44.0,40,1235
29.0,48,1236
76.0,0,1237
32.0,45,1238
29.0,50,1239
71.0,35,1240
34.0,50,1241
66.0,40,1242
46.0,20,1243
26.0,40,1244
25.0,50,1245
52.0,50,1246
60.0,40,1247
47.0,50,1248
68.0,0,1249
37.0,50,1250
55.0,40,1251
52.0,40,1252
85.0,40,1253
76.0,50,1254
44.0,20,1255
57.0,40,1256
82.0,0,1257
50.0,60,1258
44.0,40,1259
57.0,60,1260
72.0,0,1261
36.0,50,1262
60.0,0,1263
49.0,60,1264
56.0,40,1265
67.0,0,1266
51.0,60,1267
37.0,50,1268
69.0,40,1269
44.0,40,1270
64.0,0,1271
61.0,0,1272
61.0,0,1273
55.0,40,1274
68.0,0,1275
43.0,20,1276
70.0,40,1277
43.0,40,1278
61.0,30,1279
76.0,0,1280
65.0,60,1281
76.0,0,1282
75.0,0,1283
46.0,40,1284
72.0,0,1285
78.0,60,1286
30.0,60,1287
56.0,60,1288
49.0,72,1289
78.0,60,1290
53.0,40,1291
36.0,60,1292
49.0,60,1293
42.0,70,1294
30.0,60,1295
70.0,60,1296
64.0,50,1297
64.0,0,1298
53.0,44,1299
30.0,50,1300
36.0,40,1301
43.0,60,1302
78.0,0,1303
55.0,30,1304
50.0,40,1305
73.0,0,1306
33.0,60,1307
65.0,40,1308
39.0,48,1309
34.0,60,1310
48.0,40,1311
35.0,40,1312
68.0,0,1313
41.0,0,1314
64.0,0,1315
66.0,60,1316
35.0,60,1317
34.0,12,1318
80.0,0,1319
50.0,50,1320
18.0,50,1321
35.0,40,1322
55.0,40,1323
55.0,40,1324
72.0,0,1325
65.0,0,1326
80.0,0,1327
40.0,40,1328
40.0,40,1329
30.0,40,1330
58.0,40,1331
56.0,40,1332
70.0,40,1333
48.0,40,1334
47.0,40,1335
32.0,40,1336
68.0,0,1337
84.0,0,1338
78.0,40,1339
65.0,40,1340
53.0,60,1341
25.0,40,1342
35.0,40,1343
33.0,40,1344
36.0,40,1345
28.0,60,1346
30.0,60,1347
38.0,40,1348
75.0,40,1349
43.0,40,1350
25.0,40,1351
29.0,60,1352
40.0,56,1353
38.0,60,1354
56.0,56,1355
65.0,60,1356
58.0,60,1357
49.0,48,1358
36.0,60,1359
66.0,60,1360
40.0,60,1361
71.0,70,1362
57.0,60,1363
53.0,40,1364
78.0,40,1365
73.0,60,1366
75.0,0,1367
40.0,40,1368
55.0,50,1369
78.0,40,1370
50.0,40,1371
58.0,48,1372
74.0,70,1373
30.0,30,1374
60.0,40,1375
36.0,24,1376
52.0,70,1377
37.0,50,1378
80.0,30,1379
47.0,40,1380
86.0,0,1381
70.0,0,1382
60.0,60,1383
66.0,50,1384
64.0,40,1385
54.0,60,1386
54.0,50,1387
70.0,0,1388
69.0,40,1389
75.0,0,1390
38.0,30,1391
57.0,20,1392
70.0,0,1393
70.0,30,1394
68.0,0,1395
69.0,0,1396
50.0,50,1397
66.0,40,1398
65.0,25,1399
45.0,30,1400
36.0,20,1401
35.0,40,1402
70.0,0,1403
80.0,0,1404
60.0,60,1405
30.0,40,1406
65.0,40,1407
73.0,20,1408
67.0,70,1409
62.0,0,1410
47.0,40,1411
57.0,70,1412
65.0,0,1413
60.0,0,1414
52.0,70,1415
67.0,60,1416
62.0,20,1417
55.0,35,1418
46.0,50,1419
53.0,18,1420
36.0,60,1421
52.0,60,1422
43.0,60,1423
65.0,60,1424
70.0,20,1425
58.0,0,1426
70.0,0,1427
50.0,60,1428
43.0,60,1429
37.0,40,1430
46.0,0,1431
53.0,18,1432
36.0,60,1433
69.0,40,1434
40.0,84,1435
48.0,35,1436
49.0,100,1437
50.0,100,1438
69.0,100,1439
54.0,70,1440
37.0,0,1441
62.0,40,1442
33.0,50,1443
55.0,70,1444
76.0,40,1445
27.0,20,1446
34.0,50,1447
48.0,50,1448
36.0,20,1449
28.0,70,1450
51.0,15,1451
65.0,60,1452
44.0,40,1453
40.0,30,1454
36.0,52,1455
59.0,40,1456
53.0,50,1457
30.0,72,1458
36.0,40,1459
53.0,40,1460
40.0,50,1461
48.0,45,1462
76.0,40,1463
31.0,50,1464
69.0,70,1465
38.0,40,1466
35.0,0,1467
59.0,0,1468
27.0,50,1469
46.0,40,1470
46.0,40,1471
30.0,40,1472
31.0,24,1473
50.0,0,1474
64.0,40,1475
39.0,40,1476
85.0,20,1477
45.0,40,1478
68.0,50,1479
62.0,70,1480
64.0,50,1481
36.0,40,1482
28.0,50,1483
50.0,10,1484
31.0,70,1485
30.0,40,1486
46.0,70,1487
62.0,70,1488
41.0,40,1489
82.0,0,1490
48.0,40,1491
28.0,50,1492
63.0,70,1493
57.0,40,1494
68.0,0,1495
69.0,40,1496
69.0,0,1497
76.0,20,1498
55.0,40,1499
45.0,70,1500
21.0,40,1501
55.0,0,1502
54.0,70,1503
28.0,72,1504
33.0,48,1505
24.0,60,1506
30.0,40,1507
24.0,40,1508
82.0,80,1509
52.0,40,1510
74.0,40,1511
43.0,32,1512
38.0,60,1513
58.0,25,1514
63.0,40,1515
54.0,60,1516
58.0,48,1517
40.0,30,1518
27.0,60,1519
41.0,40,1520
62.0,30,1521
70.0,48,1522
49.0,40,1523
60.0,0,1524
36.0,40,1525
80.0,0,1526
34.0,48,1527
71.0,0,1528
62.0,0,1529
21.0,40,1530
60.0,0,1531
58.0,70,1532
50.0,40,1533
55.0,70,1534
40.0,40,1535
75.0,0,1536
59.0,50,1537
53.0,50,1538
53.0,50,1539
32.0,40,1540
61.0,40,1541
54.0,72,1542
60.0,40,1543
39.0,40,1544
49.0,50,1545
52.0,50,1546
57.0,60,1547
37.0,40,1548
58.0,50,1549
56.0,50,1550
46.0,40,1551
35.0,60,1552
36.0,40,1553
43.0,70,1554
37.0,20,1555
66.0,0,1556
25.0,40,1557
38.0,40,1558
55.0,0,1559
33.0,60,1560
58.0,20,1561
51.0,70,1562
73.0,20,1563
55.0,30,1564
72.0,30,1565
60.0,75,1566
35.0,40,1567
66.0,40,1568
59.0,40,1569
47.0,50,1570
53.0,40,1571
62.0,40,1572
45.0,40,1573
64.0,0,1574
65.0,0,1575
53.0,40,1576
54.0,40,1577
27.0,70,1578
42.0,50,1579
68.0,0,1580
68.0,0,1581
51.0,60,1582
45.0,40,1583
50.0,40,1584
25.0,40,1585
52.0,50,1586
69.0,0,1587
75.0,0,1588
30.0,30,1589
40.0,40,1590
41.0,40,1591
56.0,40,1592
55.0,40,1593
79.0,30,1594
67.0,50,1595
79.0,72,1596
29.0,72,1597
45.0,72,1598
61.0,72,1599
28.0,40,1600
46.0,70,1601
35.0,30,1602
32.0,58,1603
63.0,0,1604
28.0,0,1605
69.0,40,1606
57.0,40,1607
45.0,50,1608
42.0,40,1609
76.0,0,1610
46.0,0,1611
22.0,0,1612
73.0,20,1613
40.0,0,1614
37.0,12,1615
32.0,40,1616
58.0,0,1617
24.0,50,1618
40.0,50,1619
54.0,35,1620
55.0,50,1621
34.0,50,1622
33.0,40,1623
34.0,40,1624
63.0,10,1625
31.0,0,1626
53.0,40,1627
33.0,40,1628
30.0,40,1629
58.0,40,1630
52.0,70,1631
32.0,40,1632
21.0,40,1633
58.0,40,1634
56.0,40,1635
62.0,40,1636
28.0,40,1637
59.0,0,1638
26.0,40,1639
19.0,40,1640
45.0,0,1641
52.0,70,1642
61.0,40,1643
35.0,40,1644
46.0,40,1645
42.0,40,1646
26.0,40,1647
52.0,40,1648
75.0,40,1649
31.0,60,1650
25.0,40,1651
46.0,50,1652
42.0,0,1653
42.0,60,1654
43.0,40,1655
42.0,70,1656
47.0,50,1657
57.0,60,1658
70.0,0,1659
50.0,40,1660
63.0,0,1661
53.0,50,1662
33.0,21,1663
63.0,0,1664
52.0,0,1665
67.0,50,1666
67.0,50,1667
78.0,0,1668
48.0,50,1669
78.0,0,1670
82.0,0,1671
48.0,40,1672
32.0,50,1673
68.0,45,1674
43.0,20,1675
65.0,40,1676
60.0,60,1677
50.0,50,1678
55.0,40,1679
23.0,40,1680
59.0,50,1681
30.0,50,1682
84.0,0,1683
47.0,40,1684
42.0,40,1685
61.0,20,1686
54.0,50,1687
67.0,50,1688
64.0,50,1689
43.0,40,1690
55.0,40,1691
66.0,70,1692
20.0,70,1693
62.0,35,1694
68.0,60,1695
54.0,35,1696
42.0,80,1697
61.0,45,1698
52.0,70,1699
60.0,52,1700
55.0,30,1701
65.0,40,1702
70.0,0,1703
46.0,60,1704
56.0,45,1705
52.0,70,1706
23.0,40,1707
48.0,40,1708
42.0,70,1709
45.0,40,1710
48.0,56,1711
54.0,70,1712
43.0,40,1713
57.0,40,1714
48.0,25,1715
81.0,0,1716
45.0,60,1717
67.0,60,1718
58.0,48,1719
82.0,0,1720
71.0,0,1721
69.0,50,1722
58.0,40,1723
48.0,40,1724
28.0,40,1725
49.0,30,1726
52.0,42,1727
31.0,50,1728
73.0,0,1729
37.0,50,1730
40.0,60,1731
45.0,40,1732
58.0,60,1733
30.0,62,1734
71.0,0,1735
62.0,60,1736
53.0,60,1737
56.0,60,1738
38.0,70,1739
60.0,70,1740
54.0,40,1741
56.0,70,1742
39.0,60,1743
57.0,50,1744
61.0,0,1745
44.0,80,1746
35.0,60,1747
40.0,20,1748
51.0,40,1749
57.0,44,1750
68.0,60,1751
64.0,40,1752
62.0,60,1753
68.0,60,1754
45.0,70,1755
43.0,40,1756
60.0,40,1757
60.0,60,1758
65.0,44,1759
72.0,44,1760
63.0,60,1761
72.0,0,1762
59.0,0,1763
68.0,60,1764
39.0,40,1765
24.0,40,1766
76.0,0,1767
46.0,44,1768
62.0,0,1769
68.0,44,1770
54.0,48,1771
26.0,72,1772
40.0,40,1773
55.0,60,1774
78.0,60,1775
38.0,44,1776
64.0,60,1777
46.0,40,1778
49.0,48,1779
68.0,48,1780
34.0,60,1781
27.0,48,1782
61.0,20,1783
59.0,48,1784
49.0,60,1785
50.0,60,1786
75.0,70,1787
76.0,0,1788
38.0,40,1789
48.0,60,1790
46.0,40,1791
27.0,50,1792
62.0,0,1793
51.0,40,1794
47.0,40,1795
50.0,24,1796
68.0,40,1797
68.0,40,1798
64.0,50,1799
54.0,60,1800
40.0,50,1801
52.0,40,1802
48.0,40,1803
73.0,40,1804
44.0,0,1805
69.0,60,1806
56.0,0,1807
37.0,40,1808
43.0,40,1809
70.0,70,1810
74.0,0,1811
71.0,0,1812
36.0,40,1813
45.0,0,1814
67.0,0,1815
66.0,60,1816
58.0,40,1817
72.0,0,1818
33.0,78,1819
54.0,50,1820
22.0,40,1821
32.0,40,1822
30.0,50,1823
54.0,0,1824
51.0,60,1825
42.0,20,1826
43.0,80,1827
42.0,40,1828
64.0,0,1829
50.0,40,1830
65.0,0,1831
84.0,0,1832
58.0,40,1833
71.0,0,1834
67.0,40,1835
38.0,40,1836
32.0,72,1837
29.0,40,1838
50.0,40,1839
38.0,40,1840
40.0,60,1841
69.0,64,1842
26.0,0,1843
40.0,40,1844
79.0,40,1845
60.0,52,1846
63.0,40,1847
82.0,30,1848
55.0,40,1849
47.0,60,1850
55.0,50,1851
50.0,60,1852
60.0,50,1853
33.0,40,1854
27.0,55,1855
70.0,0,1856
49.0,40,1857
65.0,60,1858
38.0,45,1859
78.0,60,1860
52.0,40,1861
78.0,48,1862
53.0,50,1863
90.0,40,1864
65.0,52,1865
35.0,50,1866
55.0,60,1867
55.0,56,1868
71.0,0,1869
78.0,40,1870
29.0,60,1871
84.0,42,1872
40.0,50,1873
65.0,40,1874
84.0,40,1875
48.0,40,1876
52.0,40,1877
43.0,40,1878
74.0,60,1879
55.0,60,1880
34.0,50,1881
51.0,52,1882
65.0,70,1883
45.0,30,1884
20.0,60,1885
47.0,70,1886
60.0,50,1887
50.0,60,1888
75.0,60,1889
53.0,48,1890
78.0,0,1891
25.0,58,1892
59.0,60,1893
69.0,80,1894
73.0,60,1895
25.0,70,1896
22.0,40,1897
45.0,70,1898
36.0,40,1899
69.0,40,1900
84.0,20,1901
51.0,0,1902
44.0,60,1903
49.0,20,1904
18.0,30,1905
28.0,80,1906
65.0,60,1907
59.0,70,1908
78.0,60,1909
38.0,50,1910
44.0,60,1911
24.0,0,1912
43.0,80,1913
80.0,0,1914
42.0,0,1915
40.0,40,1916
52.0,20,1917
28.0,0,1918
32.0,40,1919
68.0,0,1920
86.0,0,1921
48.0,70,1922
24.0,40,1923
28.0,40,1924
28.0,70,1925
35.0,40,1926
33.0,0,1927
73.0,0,1928
49.0,70,1929
40.0,40,1930
75.0,30,1931
52.0,40,1932
72.0,60,1933
78.0,0,1934
33.0,48,1935
87.0,40,1936
67.0,40,1937
63.0,40,1938
57.0,40,1939
67.0,0,1940
49.0,40,1941
86.0,0,1942
27.0,0,1943
50.0,10,1944
80.0,0,1945
51.0,40,1946
74.0,0,1947
76.0,10,1948
36.0,40,1949
50.0,40,1950
54.0,0,1951
65.0,60,1952
70.0,0,1953
52.0,40,1954
50.0,40,1955
48.0,40,1956
38.0,40,1957
59.0,20,1958
55.0,50,1959
23.0,70,1960
37.0,50,1961
32.0,10,1962
48.0,40,1963
39.0,70,1964
50.0,70,1965
32.0,70,1966
35.0,40,1967
73.0,0,1968
42.0,40,1969
85.0,40,1970
60.0,20,1971
61.0,40,1972
73.0,0,1973
49.0,40,1974
62.0,40,1975
65.0,0,1976
63.0,70,1977
75.0,0,1978
72.0,40,1979
65.0,0,1980
44.0,0,1981
58.0,0,1982
40.0,40,1983
65.0,40,1984
40.0,40,1985
52.0,70,1986
66.0,0,1987
61.0,70,1988
69.0,20,1989
68.0,40,1990
45.0,40,1991
23.0,0,1992
41.0,60,1993
61.0,40,1994
61.0,40,1995
22.0,60,1996
50.0,40,1997
53.0,50,1998
48.0,40,1999
27.0,0,2000
20.0,0,2001
36.0,70,2002
55.0,40,2003
73.0,0,2004
32.0,0,2005
70.0,0,2006
40.0,50,2007
58.0,70,2008
22.0,40,2009
38.0,40,2010
30.0,50,2011
50.0,50,2012
46.0,50,2013
79.0,50,2014
52.0,40,2015
45.0,70,2016
48.0,40,2017
40.0,40,2018
34.0,40,2019
70.0,60,2020
60.0,0,2021
73.0,0,2022
52.0,70,2023
48.0,50,2024
48.0,45,2025
71.0,0,2026
55.0,50,2027
48.0,70,2028
53.0,70,2029
33.0,70,2030
62.0,0,2031
73.0,0,2032
57.0,40,2033
65.0,0,2034
41.0,40,2035
28.0,40,2036
32.0,50,2037
25.0,0,2038
43.0,70,2039
30.0,0,2040
35.0,70,2041
52.0,0,2042
54.0,50,2043
42.0,60,2044
48.0,48,2045
38.0,0,2046
19.0,40,2047
56.0,60,2048
37.0,60,2049
65.0,60,2050
63.0,40,2051
66.0,40,2052
65.0,20,2053
41.0,40,2054
36.0,40,2055
59.0,100,2056
70.0,70,2057
46.0,64,2058
58.0,40,2059
63.0,0,2060
63.0,0,2061
65.0,0,2062
50.0,0,2063
56.0,40,2064
28.0,40,2065
50.0,40,2066
62.0,40,2067
31.0,40,2068
53.0,24,2069
90.0,0,2070
56.0,0,2071
56.0,0,2072
62.0,0,2073
55.0,20,2074
52.0,70,2075
52.0,55,2076
65.0,0,2077
80.0,30,2078
54.0,40,2079
60.0,40,2080
53.0,30,2081
32.0,50,2082
85.0,0,2083
32.0,70,2084
68.0,0,2085
53.0,50,2086
25.0,70,2087
62.0,0,2088
77.0,30,2089
34.0,70,2090
62.0,70,2091
60.0,0,2092
76.0,0,2093
58.0,70,2094
75.0,0,2095
72.0,60,2096
75.0,0,2097
32.0,40,2098
70.0,0,2099
47.0,40,2100
68.0,0,2101
59.0,45,2102
29.0,40,2103
54.0,0,2104
52.0,40,2105
38.0,45,2106
32.0,45,2107
22.0,40,2108
67.0,40,2109
48.0,50,2110
57.0,70,2111
48.0,40,2112
41.0,40,2113
40.0,65,2114
34.0,20,2115
48.0,50,2116
40.0,30,2117
59.0,40,2118
67.0,0,2119
76.0,70,2120
63.0,70,2121
76.0,45,2122
46.0,25,2123
62.0,50,2124
76.0,0,2125
56.0,70,2126
26.0,60,2127
38.0,40,2128
85.0,0,2129
26.0,0,2130
44.0,40,2131
43.0,70,2132
55.0,0,2133
24.0,25,2134
48.0,40,2135
49.0,0,2136
56.0,40,2137
58.0,35,2138
66.0,50,2139
72.0,0,2140
48.0,80,2141
58.0,40,2142
50.0,70,2143
50.0,40,2144
23.0,0,2145
43.0,70,2146
50.0,40,2147
33.0,60,2148
61.0,60,2149
70.0,0,2150
58.0,40,2151
40.0,0,2152
32.0,70,2153
80.0,70,2154
70.0,0,2155
71.0,70,2156
35.0,70,2157
70.0,40,2158
79.0,0,2159
78.0,0,2160
26.0,40,2161
45.0,70,2162
49.0,20,2163
47.0,40,2164
50.0,50,2165
73.0,0,2166
52.0,40,2167
39.0,40,2168
19.0,0,2169
47.0,40,2170
74.0,0,2171
65.0,40,2172
34.0,0,2173
65.0,40,2174
38.0,40,2175
50.0,40,2176
51.0,40,2177
56.0,40,2178
46.0,40,2179
60.0,0,2180
57.0,40,2181
73.0,70,2182
25.0,0,2183
70.0,60,2184
60.0,70,2185
50.0,40,2186
76.0,0,2187
56.0,40,2188
79.0,0,2189
35.0,70,2190
69.0,0,2191
18.0,0,2192
41.0,40,2193
73.0,70,2194
48.0,40,2195
59.0,70,2196
22.0,0,2197
55.0,40,2198
40.0,70,2199
65.0,0,2200
64.0,0,2201
78.0,70,2202
45.0,40,2203
36.0,80,2204
75.0,0,2205
38.0,30,2206
33.0,40,2207
83.0,0,2208
60.0,40,2209
68.0,0,2210
74.0,70,2211
62.0,24,2212
50.0,40,2213
25.0,0,2214
39.0,70,2215
28.0,40,2216
78.0,0,2217
56.0,70,2218
46.0,70,2219
66.0,0,2220
27.0,60,2221
44.0,60,2222
62.0,70,2223
48.0,40,2224
66.0,60,2225
71.0,70,2226
35.0,50,2227
67.0,70,2228
65.0,70,2229
67.0,70,2230
56.0,70,2231
43.0,0,2232
48.0,0,2233
43.0,0,2234
56.0,60,2235
56.0,0,2236
31.0,70,2237
70.0,70,2238
50.0,0,2239
48.0,70,2240
42.0,70,2241
65.0,70,2242
47.0,72,2243
50.0,50,2244
46.0,40,2245
63.0,0,2246
56.0,0,2247
45.0,30,2248
56.0,60,2249
45.0,42,2250
25.0,40,2251
62.0,40,2252
66.0,40,2253
77.0,0,2254
34.0,48,2255
50.0,40,2256
52.0,40,2257
31.0,40,2258
54.0,40,2259
42.0,40,2260
52.0,50,2261
69.0,50,2262
70.0,45,2263
75.0,0,2264
60.0,0,2265
58.0,20,2266
48.0,50,2267
48.0,50,2268
43.0,0,2269
86.0,0,2270
75.0,40,2271
70.0,0,2272
59.0,0,2273
27.0,40,2274
25.0,40,2275
27.0,70,2276
27.0,40,2277
38.0,45,2278
65.0,70,2279
45.0,50,2280
49.0,30,2281
55.0,50,2282
30.0,40,2283
44.0,60,2284
40.0,40,2285
65.0,60,2286
38.0,48,2287
69.0,0,2288
56.0,60,2289
83.0,20,2290
89.0,60,2291
61.0,0,2292
38.0,40,2293
29.0,20,2294
59.0,72,2295
50.0,40,2296
48.0,20,2297
58.0,40,2298
71.0,0,2299
73.0,0,2300
35.0,0,2301
57.0,50,2302
53.0,60,2303
36.0,70,2304
65.0,60,2305
45.0,0,2306
58.0,0,2307
60.0,60,2308
63.0,0,2309
70.0,0,2310
59.0,40,2311
76.0,0,2312
49.0,50,2313
22.0,56,2314
49.0,40,2315
51.0,70,2316
84.0,0,2317
55.0,50,2318
58.0,40,2319
67.0,70,2320
52.0,60,2321
58.0,40,2322
27.0,20,2323
33.0,40,2324
74.0,70,2325
66.0,40,2326
80.0,40,2327
48.0,50,2328
34.0,0,2329
52.0,45,2330
62.0,50,2331
60.0,40,2332
73.0,48,2333
57.0,44,2334
68.0,60,2335
50.0,60,2336
30.0,60,2337
60.0,48,2338
33.0,36,2339
46.0,60,2340
33.0,48,2341
73.0,40,2342
29.0,60,2343
73.0,60,2344
40.0,44,2345
24.0,60,2346
50.0,60,2347
34.0,44,2348
77.0,30,2349
56.0,40,2350
30.0,60,2351
32.0,56,2352
35.0,44,2353
34.0,20,2354
37.0,64,2355
71.0,60,2356
75.0,60,2357
53.0,70,2358
77.0,0,2359
67.0,60,2360
81.0,0,2361
28.0,60,2362
70.0,60,2363
37.0,60,2364
80.0,0,2365
71.0,40,2366
50.0,50,2367
37.0,40,2368
66.0,40,2369
60.0,40,2370
73.0,0,2371
56.0,40,2372
54.0,40,2373
28.0,0,2374
52.0,40,2375
55.0,40,2376
62.0,50,2377
78.0,40,2378
50.0,40,2379
42.0,40,2380
54.0,40,2381
66.0,0,2382
73.0,0,2383
82.0,40,2384
38.0,40,2385
35.0,60,2386
40.0,40,2387
60.0,45,2388
62.0,45,2389
65.0,0,2390
60.0,40,2391
53.0,55,2392
65.0,50,2393
53.0,70,2394
35.0,50,2395
75.0,0,2396
65.0,0,2397
50.0,40,2398
54.0,50,2399
60.0,0,2400
66.0,40,2401
41.0,50,2402
38.0,40,2403
62.0,40,2404
22.0,50,2405
67.0,40,2406
73.0,50,2407
28.0,0,2408
69.0,40,2409
70.0,60,2410
56.0,40,2411
79.0,40,2412
57.0,84,2413
58.0,50,2414
64.0,0,2415
46.0,40,2416
53.0,0,2417
24.0,0,2418
38.0,40,2419
25.0,0,2420
42.0,12,2421
75.0,0,2422
47.0,85,2423
64.0,60,2424
64.0,30,2425
83.0,0,2426
71.0,0,2427
65.0,40,2428
53.0,40,2429
45.0,40,2430
46.0,50,2431
72.0,40,2432
28.0,60,2433
45.0,84,2434
54.0,42,2435
66.0,0,2436
58.0,0,2437
32.0,50,2438
55.0,40,2439
50.0,20,2440
48.0,60,2441
48.0,40,2442
70.0,60,2443
54.0,84,2444
75.0,70,2445
70.0,44,2446
42.0,80,2447
25.0,80,2448
43.0,80,2449
64.0,60,2450
73.0,70,2451
68.0,0,2452
85.0,40,2453
83.0,0,2454
58.0,50,2455
53.0,50,2456
69.0,30,2457
58.0,70,2458
28.0,80,2459
35.0,40,2460
70.0,70,2461
47.0,70,2462
25.0,0,2463
24.0,60,2464
27.0,40,2465
44.0,40,2466
77.0,0,2467
53.0,40,2468
47.0,60,2469
66.0,0,2470
75.0,60,2471
83.0,0,2472
78.0,0,2473
70.0,0,2474
46.0,50,2475
60.0,0,2476
39.0,48,2477
74.0,0,2478
52.0,48,2479
69.0,60,2480
38.0,40,2481
47.0,40,2482
67.0,40,2483
75.0,70,2484
30.0,40,2485
29.0,40,2486
40.0,40,2487
61.0,54,2488
55.0,40,2489
35.0,0,2490
72.0,40,2491
20.0,0,2492
45.0,40,2493
68.0,0,2494
44.0,40,2495
49.0,40,2496
63.0,30,2497
50.0,40,2498
38.0,40,2499
43.0,70,2500
21.0,0,2501
22.0,70,2502
71.0,70,2503
25.0,70,2504
72.0,70,2505
32.0,60,2506
30.0,0,2507
60.0,70,2508
21.0,70,2509
41.0,60,2510
48.0,48,2511
36.0,48,2512
70.0,30,2513
72.0,0,2514
68.0,48,2515
39.0,60,2516
31.0,48,2517
57.0,40,2518
72.0,0,2519
44.0,48,2520
58.0,60,2521
29.0,40,2522
80.0,0,2523
55.0,48,2524
31.0,70,2525
62.0,0,2526
67.0,0,2527
58.0,40,2528
93.0,0,2529
49.0,40,2530
29.0,50,2531
18.0,40,2532
32.0,0,2533
26.0,42,2534
52.0,40,2535
85.0,0,2536
55.0,0,2537
52.0,40,2538
60.0,0,2539
46.0,70,2540
68.0,0,2541
44.0,70,2542
70.0,0,2543
51.0,70,2544
60.0,40,2545
49.0,60,2546
33.0,40,2547
59.0,40,2548
54.0,40,2549
40.0,40,2550
62.0,50,2551
25.0,40,2552
30.0,40,2553
47.0,40,2554
58.0,70,2555
